id	name	form	elem	cost	power	count	spread	speed	pierce	radius	duration	tick	status	range	knock	special	evolve	rarity	locked	desc
fireball	ファイアボール	bolt	fire	1	14	1	0	220	0	0	0	0	1	240	40	-	meteor	c	0	燃焼を与える火球を放つ
meteor	メテオ	bolt	fire	1	30	1	0	190	0	30	0	0	2	260	90	-	-	-	0	着弾で爆発する巨大な火球
flame_slash	火炎斬	melee	fire	1	18	1	120	0	0	36	0	0	1	0	60	-	inferno_slash	c	0	前方を炎で薙ぎ払う
inferno_slash	獄炎斬	melee	fire	1	28	1	210	0	0	48	0	0	2	0	90	-	-	-	0	広範囲を獄炎で薙ぎ払う
fire_pillar	火柱	area	fire	2	7	1	0	0	0	26	2.0	0.33	1	170	0	target	volcano	u	0	指定地点に燃え続ける火柱
volcano	ボルケーノ	area	fire	2	9	1	0	0	0	38	3.0	0.33	1	170	0	target	-	-	0	巨大な溶岩の柱が噴き上がる
flame_wave	炎の波	bolt	fire	2	8	5	70	160	0	0	0	0	1	200	30	-	inferno_wave	u	1	扇状に炎を5発放つ
inferno_wave	獄炎の波	bolt	fire	2	9	8	100	170	1	0	0	0	1	220	30	-	-	-	0	貫通する炎を扇状に8発
lava_pool	溶岩溜まり	area	fire	2	5	1	0	0	0	34	4.0	0.5	1	170	0	target	magma_lake	r	1	長く残る溶岩の床を作る
magma_lake	マグマの湖	area	fire	2	7	1	0	0	0	48	5.0	0.5	2	170	0	target	-	-	0	広大な溶岩の湖を作る
ice_shard	アイスシャード	bolt	ice	1	7	3	26	240	0	0	0	0	1	220	20	-	ice_storm	c	0	氷の破片を3方向に放つ
ice_storm	アイスストーム	bolt	ice	1	8	6	60	250	0	0	0	0	1	240	20	-	-	-	0	氷の破片を扇状に6発放つ
ice_wall	アイスウォール	place	ice	1	8	4	0	0	0	9	8.0	0.5	1	44	0	wall	glacier_wall	c	0	敵と弾を防ぐ氷の壁を作る
glacier_wall	グレイシャーウォール	place	ice	1	12	6	0	0	0	10	10.0	0.5	2	44	0	wall_explode	-	-	0	長い氷壁。消える時に爆発する
frost_nova	フロストノヴァ	area	ice	2	12	1	0	0	0	62	0	0	2	0	50	self	absolute_zero	u	0	周囲を凍てつかせる
absolute_zero	絶対零度	area	ice	2	18	1	0	0	0	86	0	0	3	0	60	self	-	-	0	広範囲を瞬時に凍らせる
ice_lance	氷槍	bolt	ice	1	12	1	0	300	2	0	0	0	2	260	30	-	glacial_lance	u	0	敵を貫く氷の槍
glacial_lance	グレイシャーランス	bolt	ice	1	18	1	0	330	4	0	0	0	3	300	50	-	-	-	0	何体も貫く極寒の槍
lightning	ライトニング	bolt	thunder	1	11	1	0	380	3	0	0	0	1	300	10	-	thunder_spear	c	0	敵を貫通する稲妻
thunder_spear	雷槍	bolt	thunder	1	20	1	0	440	99	0	0	0	2	340	30	-	-	-	0	全てを貫く雷の槍
thunder_totem	雷のトーテム	place	thunder	2	8	1	0	300	0	130	6.0	0.6	1	0	10	turret	tesla_tower	r	0	近くの敵に雷を撃つ砲台
tesla_tower	テスラタワー	place	thunder	2	10	2	0	300	0	150	8.0	0.45	1	0	10	turret	-	-	0	2体同時に雷を撃つ砲台
spark_burst	スパークバースト	area	thunder	1	9	1	0	0	0	48	0	0	2	0	30	self	storm_burst	c	0	周囲に電撃を放つ
storm_burst	ストームバースト	area	thunder	1	15	1	0	0	0	64	0	0	3	0	40	self	-	-	0	周囲に激しい雷撃を放つ
chain_lightning	連鎖雷	area	thunder	2	14	1	0	0	0	30	0	0	2	180	20	target	thunderstorm	u	1	指定地点に落雷し連鎖させる
thunderstorm	サンダーストーム	area	thunder	2	20	1	0	0	0	44	0	0	3	190	30	target	-	-	0	広範囲に雷を落とす
rock_blast	ロックブラスト	bolt	earth	2	26	1	0	170	0	0	0	0	2	220	160	-	boulder	c	0	重い岩を撃ち出し吹き飛ばす
boulder	ボルダー	bolt	earth	2	40	1	0	160	2	24	0	0	3	240	220	-	-	-	0	大岩が転がり砕け散る
quake	グランドクエイク	area	earth	2	20	1	0	0	0	34	0	0	2	170	120	target	great_quake	u	0	指定地点の地面を隆起させる
great_quake	大地震	area	earth	2	30	1	0	0	0	52	0	0	3	190	160	target	-	-	0	広範囲の大地を揺るがす
stone_guard	ストーンガード	guard	earth	1	20	1	0	0	0	0	4.0	0	1	0	0	shield	fortress	c	0	4秒間ダメージを防ぐ岩の盾
fortress	フォートレス	guard	earth	1	34	1	0	0	0	0	5.0	0	2	0	0	shield	-	-	0	強固な岩の鎧をまとう
rock_wall	岩壁	place	earth	1	6	4	0	0	0	10	8.0	0.5	1	44	80	wall	great_wall	c	0	敵を押し返す岩の壁を作る
great_wall	グレートウォール	place	earth	1	10	6	0	0	0	11	10.0	0.5	2	44	120	wall_explode	-	-	0	長い岩壁。崩れる時に砕け散る
magic_missile	マジックミサイル	bolt	none	1	10	1	0	200	0	0	0	0	0	260	20	homing	arcane_barrage	c	0	敵を追尾する魔力弾
arcane_barrage	アーケインバラージ	bolt	none	1	8	3	30	210	0	0	0	0	0	260	20	homing	-	-	0	追尾する魔力弾を3発放つ
whirlwind	旋風	melee	none	1	12	1	360	0	0	40	0	0	0	0	80	-	tempest	c	0	周囲を薙ぎ払う回転斬り
tempest	テンペスト	melee	none	1	18	1	360	0	0	54	0	0	0	0	120	-	-	-	0	嵐のような回転斬り
vampire_slash	吸血斬	melee	none	2	22	1	140	0	0	38	0	0	0	0	60	lifesteal	blood_moon	r	0	斬った威力の25%を回復する
blood_moon	ブラッドムーン	melee	none	2	32	1	200	0	0	46	0	0	0	0	90	lifesteal	-	-	0	大きく斬り裂き生命を奪う
mana_shield	魔力の盾	guard	none	1	16	1	0	0	0	0	3.0	0	0	0	0	shield	aegis	u	1	3秒間ダメージを防ぐ魔力の盾
aegis	イージス	guard	none	1	28	1	0	0	0	0	4.0	0	0	0	0	shield	-	-	0	強固な魔力の守り
heal	ヒール	guard	none	2	14	1	0	0	0	0	0	0	0	0	0	heal	regen	r	0	HPを回復する（部屋で1回）
regen	リジェネ	guard	none	2	24	1	0	0	0	0	0	0	0	0	0	heal	-	-	0	HPを大きく回復する（部屋で1回）
brand	焼印	melee	fire	1	10	1	90	0	0	30	0	0	3	0	40	-	searing_brand	u	1	焼けた鉄で強い燃焼を刻む
searing_brand	灼熱の烙印	melee	fire	1	16	1	120	0	0	36	0	0	4	0	50	-	-	-	0	さらに強い燃焼を刻む
frost_hammer	砕氷槌	melee	ice	1	20	1	100	0	0	34	0	0	1	0	120	-	glacier_hammer	u	1	凍った敵を粉砕する氷の槌
glacier_hammer	氷河の大槌	melee	ice	1	30	1	130	0	0	42	0	0	2	0	160	-	-	-	0	巨大な氷の槌で叩き割る
thunder_whip	雷鞭	melee	thunder	1	12	1	50	0	0	60	0	0	2	0	30	-	storm_whip	u	1	遠くまで届く雷の鞭
storm_whip	嵐の鞭	melee	thunder	1	18	1	70	0	0	76	0	0	3	0	40	-	-	-	0	嵐をまとった長い鞭
frost_mist	氷霧	area	ice	1	3	1	0	0	0	40	3.0	0.5	1	170	0	target	blizzard	u	1	敵を凍えさせる霧を残す
blizzard	ブリザード	area	ice	1	4	1	0	0	0	52	4.0	0.5	2	180	0	target	-	-	0	広く吹き荒れる吹雪
stone_spikes	岩槍	bolt	earth	1	15	1	0	260	4	0	0	0	1	240	60	-	earth_lances	c	1	敵を貫く岩の槍
earth_lances	大地の槍衾	bolt	earth	1	14	3	30	260	4	0	0	0	2	260	70	-	-	-	0	貫く岩の槍を3本放つ
arcane_burst	魔力爆発	area	none	2	16	1	0	0	0	56	0	0	0	0	90	self	arcane_nova	r	1	周囲に魔力を炸裂させる
arcane_nova	アーケインノヴァ	area	none	2	24	1	0	0	0	72	0	0	0	0	120	self	-	-	0	大きな魔力の新星
