id	name	rarity	desc
mana_crystal	魔晶石	c	マナの最大値+1
swift_boots	疾風の靴	c	回避の再使用時間-30%
iron_heart	鉄の心臓	c	最大HP+20（獲得時に20回復）
stone_skin	石の肌	c	部屋の開始時にシールド15を得る
golden_idol	黄金像	c	ゴールド獲得量+25%
frost_heart	氷の心臓	u	凍結の持続時間+50%
ember	熾火	u	燃焼の重ね掛け上限+3
vampire_fang	吸血牙	u	敵を倒すとHP+1（1部屋5回まで）
sage_tome	賢者の書	u	進化に必要な熟練度-2
mana_spring	魔力の泉	u	部屋の開始時、マナが満タン
hunter_mark	狩人の印	u	弱点を突いた時の倍率+0.5
forge_hammer	鍛冶の槌	r	戦闘中に合成したカードのコスト-1（最低1）
lucky_star	幸運の星	r	部屋の開始時、手札の1枚がランクアップ
alchemist_ring	錬金の指輪	r	戦闘中の合成カードの威力+20%
triple_shot	三連の杖	r	通常攻撃が3方向に（1発の威力は60%）
burning_core	灼熱核	u	燃焼のダメージ+50%
glacier_crown	氷冠	u	氷属性で与える冷気+1
storm_sigil	嵐の印	u	感電の連鎖ダメージが2倍
earth_altar	大地の祭壇	u	土属性カードの威力+25%
card_satchel	魔導書の鞄	c	手札の補充が30%速い
