id	chapter	kind	arena	waves
c1_a	1	normal	pillars4	slime*3+archer|slime*3+archer*2|slime*2+archer+charger
c1_b	1	normal	open	slime*4|slime*3+charger|splitter+slime*2+archer
c1_c	1	normal	cross	archer*2+slime*2|slime*2+charger*2|archer*2+slime*3
c1_d	1	normal	scatter	slime*3+bomber|slime*2+archer*2|charger+slime*3+archer
c1_e	1	normal	corridor	splitter*2+archer|bomber*2+slime*3|charger+archer*2+splitter
c1_f	1	normal	pillars4	slime*5|archer*3+bomber|splitter*2+charger
c1_x	1	elite	pillars4	!charger+slime*2|!archer+slime*3
c1_y	1	elite	cross	!splitter+slime*3|!archer+bomber*2
c1_z	1	elite	open	!charger+archer*2|!slime+!slime+bomber
c1_boss	1	boss	open	boss_slime
c2_a	2	normal	pillars4	mage*2+archer*2|shield*2+slime*3|mage+sniper+charger
c2_b	2	normal	corridor	archer*3+shield|mage*2+bomber*2|sniper*2+shield*2
c2_c	2	normal	scatter	slime*5+mage|shield*2+sniper+archer|mage*2+bomber*2+slime*2
c2_d	2	normal	cross	charger*2+mage|archer*2+mage*2|shield*3+sniper
c2_e	2	normal	open	sniper*2+slime*4|bomber*3+mage|shield*2+charger*2+archer
c2_f	2	normal	corridor	splitter*2+mage|sniper+shield*2+bomber|mage*3+slime*2
c2_x	2	elite	open	!mage+mage+archer|!shield+shield+sniper
c2_y	2	elite	corridor	!sniper+archer*2|!charger+mage*2
c2_z	2	elite	scatter	!shield+bomber*2|!mage+sniper*2
c2_boss	2	boss	pillars4	boss_lich
c3_a	3	normal	scatter	mage*2+charger*2+archer|summoner+shield*2|turret+sniper*2+slime*2
c3_b	3	normal	cross	charger*2+archer*3|summoner*2+bomber*2|turret*2+shield*2
c3_c	3	normal	corridor	mage*2+archer*2+slime*2|turret+charger*3|summoner+sniper*2+mage
c3_d	3	normal	pillars4	slime*6+mage|turret*2+bomber*3|summoner*2+shield*2+archer
c3_e	3	normal	open	splitter*3+sniper|turret+mage*2+shield|bomber*4+summoner
c3_f	3	normal	scatter	shield*3+mage*2|summoner+turret+archer*2|charger*3+sniper*2
c3_x	3	elite	open	!charger+!archer|!summoner+mage+charger
c3_y	3	elite	scatter	!turret+sniper*2|!shield+!mage
c3_z	3	elite	pillars4	!splitter+bomber*2|!sniper+!charger
c3_boss	3	boss	cross	boss_golem
